{"Christian McCaffrey": {"Rush Attempts": 17.881024539578863, "Rush Yards:": 84.04085945810208, "Rush Tds": 0.6000248098287941, "Targets": 7.212761185901422, "Rec Yards": 55.7174636021639, "Rec Tds": 0.3203153872859927}, "Deebo Samuel": {"Deebo Samuel": {"Receptions": 4.298382488118193, "Snap Count": 0.7514708070512944, "Targets": 7.124811823700168, "Rec Yards": 48.49762908543562, "Rec Tds": 0.173209491090305, "Conf Interval": [53.63068181818181, 44.44645286983074, 62.81491076653289]}}, "Tyreek Hill": {"Tyreek Hill": {"Receptions": 7.398185636015507, "Snap Count": 1.0497614559731487, "Targets": 11.293332267073522, "Rec Yards": 81.329203379269, "Rec Tds": 0.8234920329405714, "Conf Interval": [98.40595340811043, 82.22519341351804, 114.58671340270283]}}, "Jerry Jeudy": {"Jerry Jeudy": {"Receptions": 4.052832894281392, "Snap Count": 0.6545399826548137, "Targets": 6.161336104544515, "Rec Yards": 75.75533275362625, "Rec Tds": 0.32188675958188157, "Conf Interval": [60.72827743902439, 48.57380372804914, 72.88275114999963]}}, "Raheem Mostert": {"Raheem Mostert": {"Rush Attempts": 11.238282967210937, "Rush Yards:": 62.47806900080976, "Rush Tds": 0.25682799911709525, "Targets": 2.6666640712945595, "Rec Yards": 14.835648488025603, "Rec Tds": 0.14016791744840526}}, "Javonte Williams": {"Javonte Williams": {"Rush Attempts": 12.870994393319256, "Rush Yards:": 51.80716966613234, "Rush Tds": 0.06851212121212119, "Targets": 3.2284727272727283, "Rec Yards": 6.188460606060611, "Rec Tds": 0.05144999999999998}}, "Stefon Diggs": {"Stefon Diggs": {"Receptions": 5.806836364468919, "Snap Count": 0.7195835445413934, "Targets": 8.94347837682117, "Rec Yards": 71.54043651625682, "Rec Tds": 0.5882784774436091, "Conf Interval": [87.31901041666667, 77.34744950953007, 97.29057132380328]}}, "Brian Robinson Jr.": {"Brian Robinson Jr.": {"Rush Attempts": 25.821183077175853, "Rush Yards:": 101.76370760988277, "Rush Tds": 0.13311794871794871, "Targets": 1.1222242424242426, "Rec Yards": 7.570514405594405, "Rec Tds": 0.08745407925407925}}, "Terry McLaurin": {"Terry McLaurin": {"Receptions": 4.855732108055502, "Snap Count": 0.9622964065230883, "Targets": 7.611387430379611, "Rec Yards": 75.80181429854998, "Rec Tds": 0.30457584813849137, "Conf Interval": [67.35651629072682, 59.1114263889529, 75.60160619250074]}}, "Matt Breida": {"Matt Breida": {"Rush Attempts": 3.29385021798302, "Rush Yards:": 17.902393240320915, "Rush Tds": 0.07666911764705883, "Targets": 2.039220506535948, "Rec Yards": 8.289765032679739, "Rec Tds": 0.0}}, "Jahan Dotson": {"Jahan Dotson": {"Receptions": 3.2992947004115982, "Snap Count": 0.8066671235645765, "Targets": 5.66519630758722, "Rec Yards": 60.39385642446652, "Rec Tds": 0.5141035897435897, "Conf Interval": [42.23511904761905, 31.16120657858048, 53.30903151665762]}}, "James Cook": {"James Cook": {"Rush Attempts": 6.693637214712528, "Rush Yards:": 52.458103035493906, "Rush Tds": 0.1377846153846154, "Targets": 2.426111312217195, "Rec Yards": 12.886060030165911, "Rec Tds": 0.0724923076923077}}, "Amon-Ra St. Brown": {"Amon-Ra St. Brown": {"Receptions": 5.299708188438025, "Snap Count": 0.6274527755064253, "Targets": 7.288890311144742, "Rec Yards": 62.674249513143124, "Rec Tds": 0.3444492726915327, "Conf Interval": [73.72395833333334, 63.27053819197792, 84.17737847468875]}}, "Kyle Pitts": {"Kyle Pitts": {"Receptions": 2.7494163064578205, "Snap Count": 0.6543220850734631, "Targets": 5.536873596621013, "Rec Yards": 43.117306674863244, "Rec Tds": 0.1489128882228882, "Conf Interval": [38.7337962962963, 28.989334350364814, 48.47825824222778]}}, "Justin Jefferson": {"Justin Jefferson": {"Receptions": 6.517090764522786, "Snap Count": 0.8264025272063903, "Targets": 9.485756127983615, "Rec Yards": 93.11681612800112, "Rec Tds": 0.4298847142095705, "Conf Interval": [107.73026315789474, 90.87660269343613, 124.58392362235335]}}, "Keenan Allen": {"Keenan Allen": {"Receptions": 6.6714672706938405, "Snap Count": 0.7711665225964602, "Targets": 9.18229637357972, "Rec Yards": 80.88368202848072, "Rec Tds": 0.45170734704650617, "Conf Interval": [77.07440476190476, 67.12587816745484, 87.02293135635469]}}, "T.J. Hockenson": {"T.J. Hockenson": {"Receptions": 4.51525416497481, "Snap Count": 0.7469972991088291, "Targets": 6.685212531290522, "Rec Yards": 48.560863874520805, "Rec Tds": 0.35489581442831214, "Conf Interval": [51.41228070175438, 40.87645876065791, 61.948102642850856]}}, "Mike Williams": {"Mike Williams": {"Receptions": 4.530165011991779, "Snap Count": 0.7398130675714262, "Targets": 7.196055594557978, "Rec Yards": 72.42397161421164, "Rec Tds": 0.2924610723094735, "Conf Interval": [68.43409090909091, 55.32910954193191, 81.53907227624991]}}, "Chris Olave": {"Chris Olave": {"Receptions": 5.879005476984553, "Snap Count": 0.7542076589656503, "Targets": 9.689665321890391, "Rec Yards": 71.0385462089838, "Rec Tds": 0.25508186274509803, "Conf Interval": [72.07254901960783, 62.39225720401477, 81.75284083520091]}}, "Michael Thomas": {"Michael Thomas": {"Receptions": 7.313972239276481, "Snap Count": 0.8535363550141862, "Targets": 9.479901796309985, "Rec Yards": 78.77467720551128, "Rec Tds": 0.7913698717948718, "Conf Interval": [65.49230769230769, 59.667569714808636, 71.31704566980676]}}, "Romeo Doubs": {"Romeo Doubs": {"Receptions": 3.0293894322274837, "Snap Count": 0.5316657207491109, "Targets": 4.472421219815373, "Rec Yards": 23.72385083198247, "Rec Tds": 0.2367828754578755, "Conf Interval": [32.22307692307693, 24.76205975464662, 39.68409409150723]}}, "Derrick Henry": {"Derrick Henry": {"Rush Attempts": 25.30635538687067, "Rush Yards:": 114.94871219952567, "Rush Tds": 0.9450829174093881, "Targets": 2.629000577200577, "Rec Yards": 26.898283490365845, "Rec Tds": 0.012684343434343428}}, "DeAndre Hopkins": {"DeAndre Hopkins": {"Receptions": 5.714873080786458, "Snap Count": 0.7606096095153676, "Targets": 8.821159897131052, "Rec Yards": 60.76387042363528, "Rec Tds": 0.33406515879078896, "Conf Interval": [75.35045454545454, 60.8301770670951, 89.87073202381401]}}, "Amari Cooper": {"Amari Cooper": {"Receptions": 4.669034804072726, "Snap Count": 0.8077333525459114, "Targets": 8.00929799122131, "Rec Yards": 70.85021828048737, "Rec Tds": 0.4800183776749566, "Conf Interval": [67.70888157894737, 58.06402498377989, 77.35373817411485]}}, "Mark Andrews": {"Mark Andrews": {"Receptions": 5.644959834709586, "Snap Count": 0.8527592702784738, "Targets": 8.622572548392702, "Rec Yards": 59.79546141662874, "Rec Tds": 0.3665877693584372, "Conf Interval": [58.08909574468085, 48.00392828890095, 68.17426320046076]}}, "Michael Pittman Jr.": {"Michael Pittman Jr.": {"Receptions": 5.183166831542509, "Snap Count": 0.7953993311008817, "Targets": 7.924331670489788, "Rec Yards": 37.909000821633015, "Rec Tds": 0.25349167132209993, "Conf Interval": [58.55797101449275, 49.639390973072366, 67.47655105591315]}}, "Alexander Mattison": {"Alexander Mattison": {"Rush Attempts": 6.141004593904608, "Rush Yards:": 24.40732296021813, "Rush Tds": 0.2638706270115384, "Targets": 1.5021055335320301, "Rec Yards": 6.592588976703841, "Rec Tds": 0.04693382303355185}}, "Aaron Jones": {"Aaron Jones": {"Rush Attempts": 14.746714401392799, "Rush Yards:": 72.09552172141075, "Rush Tds": 0.25491228030609386, "Targets": 4.638825905648704, "Rec Yards": 26.091091497132965, "Rec Tds": 0.2985062135139619}}, "Christian Watson": {"Christian Watson": {"Receptions": 2.820642176264245, "Snap Count": 0.5143525736777604, "Targets": 4.5510472392791925, "Rec Yards": 56.24209643583805, "Rec Tds": 0.5049467032967033, "Conf Interval": [43.642857142857146, 29.85950188699391, 57.42621239872038]}}, "George Pickens": {"George Pickens": {"Receptions": 1.8798525341473313, "Snap Count": 0.4622448691845205, "Targets": 3.288272158566739, "Rec Yards": 36.43531495647962, "Rec Tds": 0.2432579334365325, "Conf Interval": [49.832043343653254, 39.37918422472097, 60.28490246258553]}}, "Davante Adams": {"Davante Adams": {"Receptions": 5.1496900737462505, "Snap Count": 0.7493193001571575,