{"Christian McCaffrey": {"Christian McCaffrey": {"Rush Attempts": 21.06620425490291, "Rush Yards:": 102.41310190380986, "Rush Tds": 0.605642991646976, "Targets": 7.258697549537786, "Rec Yards": 53.05691451809477, "Rec Tds": 0.3243608418314472}}, "Deebo Samuel": {"Deebo Samuel": {"Receptions": 4.864739338338477, "Snap Count": 0.7166598988638382, "Targets": 7.0548462477943295, "Rec Yards": 66.46636571874254, "Rec Tds": 0.13783396592882, "Conf Interval": [57.33380681818181, 46.92796698051237, 67.73964665585126]}}, "Tyreek Hill": {"Tyreek Hill": {"Receptions": 6.55542090647939, "Snap Count": 0.8679643839620172, "Targets": 8.667905108426728, "Rec Yards": 71.89424948623802, "Rec Tds": 0.6132944852958917, "Conf Interval": [100.41516393442622, 84.70895948992961, 116.12136837892285]}}, "Jerry Jeudy": {"Jerry Jeudy": {"Receptions": 4.052832894281392, "Snap Count": 0.6545399826548137, "Targets": 6.161336104544515, "Rec Yards": 75.75533275362625, "Rec Tds": 0.32188675958188157, "Conf Interval": [60.72827743902439, 48.57380372804914, 72.88275114999963]}}, "Raheem Mostert": {"Raheem Mostert": {"Rush Attempts": 15.662348240525603, "Rush Yards:": 98.41214141636118, "Rush Tds": 0.15578680609204282, "Targets": 2.2497529080675425, "Rec Yards": 18.27520291925465, "Rec Tds": 0.08219136960600376}}, "Javonte Williams": {"Javonte Williams": {"Rush Attempts": 12.870994393319256, "Rush Yards:": 51.80716966613234, "Rush Tds": 0.06851212121212119, "Targets": 3.2284727272727283, "Rec Yards": 6.188460606060611, "Rec Tds": 0.05144999999999998}}, "Stefon Diggs": {"Stefon Diggs": {"Receptions": 5.813879855132819, "Snap Count": 0.5810714740293609, "Targets": 7.8724821859825145, "Rec Yards": 65.29329547838526, "Rec Tds": 0.3540121323734617, "Conf Interval": [88.19839638157895, 78.60996400813235, 97.78682875502554]}}, "Brian Robinson Jr.": {"Brian Robinson Jr.": {"Rush Attempts": 25.821183077175853, "Rush Yards:": 101.76370760988277, "Rush Tds": 0.13311794871794871, "Targets": 1.1222242424242426, "Rec Yards": 7.570514405594405, "Rec Tds": 0.08745407925407925}}, "Terry McLaurin": {"Terry McLaurin": {"Receptions": 5.482331039327884, "Snap Count": 1.048263579671353, "Targets": 8.041052276208674, "Rec Yards": 81.91090650880656, "Rec Tds": 0.2680474574621897, "Conf Interval": [67.0952380952381, 59.34852738596947, 74.84194880450671]}}, "Matt Breida": {"Matt Breida": {"Rush Attempts": 3.29385021798302, "Rush Yards:": 17.902393240320915, "Rush Tds": 0.07666911764705883, "Targets": 2.039220506535948, "Rec Yards": 8.289765032679739, "Rec Tds": 0.0}}, "Jahan Dotson": {"Jahan Dotson": {"Receptions": 3.2018657456971082, "Snap Count": 0.7666455179661698, "Targets": 5.423616806577606, "Rec Yards": 56.21247864493487, "Rec Tds": 0.42468843672456574, "Conf Interval": [41.19583333333333, 30.57042726788676, 51.82123939877991]}}, "James Cook": {"James Cook": {"Rush Attempts": 5.048842973835464, "Rush Yards:": 46.7036248232248, "Rush Tds": 0.07267692307692308, "Targets": 2.532778733031674, "Rec Yards": 11.579806682863131, "Rec Tds": 0.38813846153846154}}, "Amon-Ra St. Brown": {"Amon-Ra St. Brown": {"Receptions": 8.028153646501917, "Snap Count": 0.9052056062914071, "Targets": 10.914061045182605, "Rec Yards": 89.18139881501477, "Rec Tds": 0.3347883532360313, "Conf Interval": [74.8248355263158, 64.65310712732419, 84.99656392530738]}}, "Kyle Pitts": {"Kyle Pitts": {"Receptions": 2.968200451980443, "Snap Count": 0.6877234419406882, "Targets": 5.995714728747568, "Rec Yards": 43.07960614134542, "Rec Tds": 0.1535532796092796, "Conf Interval": [39.103988603988604, 29.97069800952276, 48.23727919845446]}}, "Justin Jefferson": {"Justin Jefferson": {"Receptions": 7.619729213965266, "Snap Count": 0.971363036734366, "Targets": 11.01129772736454, "Rec Yards": 110.5919949269925, "Rec Tds": 0.42345889326861375, "Conf Interval": [109.13749999999999, 92.9246329012962, 125.3503670987038]}}, "Keenan Allen": {"Keenan Allen": {"Receptions": 6.449631501078442, "Snap Count": 0.672427864377202, "Targets": 9.750876153628601, "Rec Yards": 65.2593105474602, "Rec Tds": 0.4396081992067303, "Conf Interval": [84.96382783882784, 70.2080981891735, 99.7195574884822]}}, "T.J. Hockenson": {"T.J. Hockenson": {"Receptions": 5.505152941954604, "Snap Count": 0.8764910417054895, "Targets": 8.279789713401438, "Rec Yards": 54.24226937319403, "Rec Tds": 0.23123039810417553, "Conf Interval": [52.333991228070175, 42.19386452532217, 62.47411793081818]}}, "Mike Williams": {"Mike Williams": {"Receptions": 4.530165011991779, "Snap Count": 0.7398130675714262, "Targets": 7.196055594557978, "Rec Yards": 72.42397161421164, "Rec Tds": 0.2924610723094735, "Conf Interval": [68.43409090909091, 55.32910954193191, 81.53907227624991]}}, "Chris Olave": {"Chris Olave": {"Receptions": 5.802553117103433, "Snap Count": 0.7198683992967885, "Targets": 9.093035586248112, "Rec Yards": 68.83622513467395, "Rec Tds": 0.2502531082608482, "Conf Interval": [73.36666666666667, 63.89400229393627, 82.83933103939708]}}, "Michael Thomas": {"Michael Thomas": {"Receptions": 7.313972239276481, "Snap Count": 0.8535363550141862, "Targets": 9.479901796309985, "Rec Yards": 78.77467720551128, "Rec Tds": 0.7913698717948718, "Conf Interval": [65.49230769230769, 59.667569714808636, 71.31704566980676]}}, "Romeo Doubs": {"Romeo Doubs": {"Receptions": 3.4166018774586737, "Snap Count": 0.5599239784557065, "Targets": 5.6286473227044524, "Rec Yards": 26.80415455378125, "Rec Tds": 0.24682590820943756, "Conf Interval": [34.14182692307692, 26.422645880724026, 41.86100796542982]}}, "Derrick Henry": {"Derrick Henry": {"Rush Attempts": 23.640087601975207, "Rush Yards:": 103.73880831671843, "Rush Tds": 0.9426162507427214, "Targets": 2.6213656565656565, "Rec Yards": 27.960384602611946, "Rec Tds": 0.012684343434343428}}, "DeAndre Hopkins": {"DeAndre Hopkins": {"Receptions": 6.444589638045199, "Snap Count": 0.9677925770541269, "Targets": 10.644657271841352, "Rec Yards": 69.92043236271671, "Rec Tds": 0.24200935384953018, "Conf Interval": [73.68, 60.12325301290998, 87.23674698709002]}}, "Amari Cooper": {"Amari Cooper": {"Receptions": 4.3278951481588805, "Snap Count": 0.6874931343635189, "Targets": 6.970151477189119, "Rec Yards": 59.167494446597985, "Rec Tds": 0.4658228347121932, "Conf Interval": [69.51875000000001, 59.92031099792766, 79.11718900207234]}}, "Mark Andrews": {"Mark Andrews": {"Receptions": 4.880423893390542, "Snap Count": 0.5797891952191695, "Targets": 7.1613983767167415, "Rec Yards": 57.82218171203554, "Rec Tds": 0.6465313453339606, "Conf Interval": [57.17365456821027, 47.52629759560699, 66.82101154081353]}}, "Michael Pittman Jr.": {"Michael Pittman Jr.": {"Receptions": 5.183166831542509, "Snap Count": 0.7953993311008817, "Targets": 7.924331670489788, "Rec Yards": 37.909000821633015, "Rec Tds": 0.25349167132209993, "Conf Interval": [58.55797101449275, 49.639390973072366, 67.47655105591315]}}, "Alexander Mattison": {"Alexander Mattison": {"Rush Attempts": 5.1733433279807315, "Rush Yards:": 21.960897008203197, "Rush Tds": 0.27725524239615373, "Targets": 1.4706516873781839, "Rec Yards": 7.4909996155807885, "Rec Tds": 0.049610746110474925}}, "Aaron Jones": {"Aaron Jones": {"Rush Attempts": 12.760044439764426, "Rush Yards:": 66.5231139447612, "Rush Tds": 0.42609133467242, "Targets": 5.193652024109486, "Rec Yards": 31.710477574000333, "Rec Tds": 0.533334235143026}}, "Christian Watson": {"Christian Watson": {"Receptions": 3.184147788373986, "Snap Count": 0.5350659816398476, "Targets": 5.318051061980555, "Rec Yards": 59.2332509957619, "Rec Tds": 0.5246815008078192, "Conf Interval": [43.642857142857146, 29.85950188699391, 57.42621239872038]}}, "George Pickens": {"George Pickens": {"Receptions": 1.8798525341473313, "Snap Count": 0.4622448691845205, "Targets": 3.288272158566739, "Rec Yards": 36.43531495647962, "Rec Tds": 0.2432579334365325, "Conf Interval": [49.832043343653254, 39.37918422472097, 60.28490246258553]}}, "Davante Adams": {"Davante Adams": {"Receptions": 5.673552392974338,